ID	Name	Description	URL	Image	Developer	Timestamp
se.krister.gardensprinkler	Garden sprinkler	A greener garden, on your schedule.	https://homey.app/en-us/app/se.krister.gardensprinkler/	https://apps.homeycdn.net/app/se.krister.gardensprinkler/1/6288d20e-a9ac-439c-bae2-ca2f27cd7e85/assets/images/large.png	krister Olsson	2026-09-30T18:15:53.926333+02:00
com.goossens.atmoce	Atmoce	Solar, battery and grid with smart local battery control.	https://homey.app/en-us/app/com.goossens.atmoce/	https://apps.homeycdn.net/app/com.goossens.atmoce/3/6449021c-717c-481d-8756-547e82079030/assets/images/large.png	Jo Goossens	2026-09-30T18:15:53.926333+02:00
fr.remora.filpilote	Remora Fil Pilote	Keep every room comfortable with local heating control	https://homey.app/en-us/app/fr.remora.filpilote/	https://apps.homeycdn.net/app/fr.remora.filpilote/3/5a20cc05-cb26-4c96-aac9-ae73bfee6797/assets/images/large.png	yann baillet	2026-09-30T18:15:53.926333+02:00
nl.webbuilds.cozytouch	Cozytouch	Heating, hot water and cooling from Atlantic, Thermor and Sauter	https://homey.app/en-us/app/nl.webbuilds.cozytouch/	https://apps.homeycdn.net/app/nl.webbuilds.cozytouch/2/8714b9fd-63de-4637-8937-1f287a0e3ed2/assets/images/large.jpg	WebBuilds B.V.	2026-09-30T18:15:53.926333+02:00
no.wattlet.smartvvb	SmartVVB	Make your water heater smart	https://homey.app/en-us/app/no.wattlet.smartvvb/	https://apps.homeycdn.net/app/no.wattlet.smartvvb/6/15c10dae-6030-469b-a245-5c692c1f5ec3/assets/images/app_large.png	Luc Wathelet	2026-09-30T18:15:53.926333+02:00
nl.jessedevries.huesync	Hue Sync	Automatically sync your Hue devices to Homey.	https://homey.app/en-us/app/nl.jessedevries.huesync/	https://apps.homeycdn.net/app/nl.jessedevries.huesync/2/aae65087-21fb-4c5d-bcc8-28c0e681bff1/assets/images/large.png	Jesse de Vries	2026-09-30T16:15:37.637001+02:00
net.lindbom.grohe	Grohe Sense	Detect leaks, track water usage, and safeguard your home.	https://homey.app/en-us/app/net.lindbom.grohe/	https://apps.homeycdn.net/app/net.lindbom.grohe/8/3ca91ed6-9686-4e14-9524-638438b15dda/assets/images/large.png	Johan Lindbom	2026-09-30T16:15:37.637001+02:00
com.jeroenstern.tennet-onbalans	TenneT Onbalans	TenneT imbalance prices for import and export, available for Homey dashboards, charts and Flows.	https://homey.app/en-us/app/com.jeroenstern.tennet-onbalans/	https://apps.homeycdn.net/app/com.jeroenstern.tennet-onbalans/7/442c2a7b-a7e4-42a7-98cc-63fa3319401f/assets/images/large.png	Jeroen Stern	2026-09-30T16:15:37.637001+02:00
com.narwal.global	Narwal	Spotless floors, without lifting a finger	https://homey.app/en-us/app/com.narwal.global/	https://apps.homeycdn.net/app/com.narwal.global/8/94b02948-c981-41b2-aa96-51a7cf2589d4/assets/images/large.png	Idan Bush	2026-09-30T16:15:37.637001+02:00
nl.dypodex.mrstar	MR Star	LED strips for every mood	https://homey.app/en-us/app/nl.dypodex.mrstar/	https://apps.homeycdn.net/app/nl.dypodex.mrstar/2/9a874f60-b473-4e5b-a99a-87f4e7c0e446/assets/images/large.png	Sven Serlier	2026-09-30T16:15:37.637001+02:00
com.wisse.hikvision	Hikvision NVR & DVR	Every camera. One recorder. Full control.	https://homey.app/en-us/app/com.wisse.hikvision/	https://apps.homeycdn.net/app/com.wisse.hikvision/3/7267b129-160b-4b67-9879-87098381eef7/assets/images/large.png	Wisse Koelman	2026-09-30T16:15:37.637001+02:00
local.yi.camera	YI Camera Local	Keep an eye on your home every day	https://homey.app/en-us/app/local.yi.camera/	https://apps.homeycdn.net/app/local.yi.camera/2/db64790c-0320-4032-a3a4-e8e3e82aeee5/assets/images/large.png	Antoine Chaulieu	2026-09-30T16:15:37.637001+02:00
com.lolpold.espanel	ESPanel	Your Homey on an ESP32 wall display: tiles, rooms, dimmers and Flow messages	https://homey.app/en-us/app/com.lolpold.espanel/	https://apps.homeycdn.net/app/com.lolpold.espanel/1/cd71cde9-adff-4582-ac3d-b0990de66cd5/assets/images/large.png	Leopold Junkers	2026-09-30T12:14:17.115754+02:00
com.dklatt.outdoorclimate	Outdoor Climate	Know how warm and humid it really is outside	https://homey.app/en-us/app/com.dklatt.outdoorclimate/	https://apps.homeycdn.net/app/com.dklatt.outdoorclimate/3/71f693d6-89c6-4c09-93ac-eebbdcbcf66a/assets/images/large.png	Dennis Klatt	2026-09-30T12:14:17.115754+02:00
com.aok.blinds	A-OK	Roller blinds that follow your day.	https://homey.app/en-us/app/com.aok.blinds/	https://apps.homeycdn.net/app/com.aok.blinds/11/8ab90cc7-ee5f-4bc7-a90f-8a4ea7fa686f/assets/images/large.png	Thorstein Klingenberg	2026-09-30T12:14:17.115754+02:00
dk.kvols.ankerprime	Anker Prime Power Bank	Read battery and charging power from an Anker Prime A1340.	https://homey.app/en-us/app/dk.kvols.ankerprime/	https://apps.homeycdn.net/app/dk.kvols.ankerprime/5/87b742d2-6fda-4c78-a930-c70436fe4617/assets/images/large.png	Mads Kvols Hansen	2026-09-28T18:15:55.645568+02:00
se.innomenta.aikion	Aikion	AI-powered EMS for your solar, batteries and EV chargers	https://homey.app/en-us/app/se.innomenta.aikion/	https://apps.homeycdn.net/app/se.innomenta.aikion/25/09d7d7a9-7003-4522-a6d9-b6bfb97dd7c4/assets/images/large.jpg	Innomenta	2026-09-28T12:15:09.061494+02:00
com.ferroamp.power	Ferroamp Control	Optimize how your home uses and produces electricity with Ferroamp EnergyHub	https://homey.app/en-us/app/com.ferroamp.power/	https://apps.homeycdn.net/app/com.ferroamp.power/25/5326af12-4588-4d95-a8af-425a00c3b2f5/assets/images/large.jpg	Dennis Berggren	2026-09-28T12:15:09.061494+02:00
nl.koelman.goodwesems	GoodWe SEMS	Your GoodWe solar yield, properly counted in Homey Energy.	https://homey.app/en-us/app/nl.koelman.goodwesems/	https://apps.homeycdn.net/app/nl.koelman.goodwesems/8/cf65ed3e-4efa-4148-bb3a-4f2b38f78d4a/assets/images/large.png	Wisse Koelman	2026-09-28T12:15:09.061494+02:00
com.rapinology.littlemonkey	Little Monkey	Make every watt visible	https://homey.app/en-us/app/com.rapinology.littlemonkey/	https://apps.homeycdn.net/app/com.rapinology.littlemonkey/5/62ceb236-98e9-412b-8295-8770155138c0/assets/images/large.png	Henri Dominique Rapin	2026-09-28T12:15:09.061494+02:00
com.kircuvaloglu.macmonitor	Mac Monitor	Keep your Mac cool, healthy and part of your home	https://homey.app/en-us/app/com.kircuvaloglu.macmonitor/	https://apps.homeycdn.net/app/com.kircuvaloglu.macmonitor/3/ab05e193-5cd7-45cb-880d-d4c4f0619293/assets/images/large.png	Guray Kircuvaloglu	2026-09-25T14:20:19.011948+02:00
com.lepro	Lepro	Designed for Future Spaces	https://homey.app/en-us/app/com.lepro/	https://apps.homeycdn.net/app/com.lepro/2/2bc338ce-1c22-4f4c-acf3-7239314a654e/assets/images/large.png	Sven Serlier	2026-09-25T12:13:41.515161+02:00
com.sgsmart.csrmesh	SG LEDDim	Gateway-free Bluetooth dimming for the lights that were smart before the hub arrived.	https://homey.app/en-us/app/com.sgsmart.csrmesh/	https://apps.homeycdn.net/app/com.sgsmart.csrmesh/8/0f7010eb-e3ce-4349-837d-b3a9ec7a72ee/assets/images/large.png	Trond Bildøy	2026-09-24T14:20:12.343763+02:00
com.onlycat.cloud	OnlyCat	Who came in, who was turned away, and why.	https://homey.app/en-us/app/com.onlycat.cloud/	https://apps.homeycdn.net/app/com.onlycat.cloud/5/93925cb2-2e5c-46a6-9742-09aec2582541/assets/images/large.png	Love Thyresson	2026-09-24T12:13:37.960794+02:00
nl.smarthomeassistent.bookswipe	BookSwipe	Turn your home into a reading corner: start a reading session with a button and let Homey celebrate the books you finish.	https://homey.app/en-us/app/nl.smarthomeassistent.bookswipe/	https://apps.homeycdn.net/app/nl.smarthomeassistent.bookswipe/6/acd161c7-1804-4497-86e0-e0d77bdc5b67/assets/images/large.png	Smarthome Assistent	2026-09-24T12:13:37.960794+02:00
com.cedric07.presencefusion	Presence Fusion	Combine several devices into Homey’s native user presence.	https://homey.app/en-us/app/com.cedric07.presencefusion/	https://apps.homeycdn.net/app/com.cedric07.presencefusion/5/4333c8e4-5cec-4984-a346-0e465bfe4c99/assets/images/large.jpg	Cédric Andrietti	2026-09-24T10:19:32.172122+02:00
com.anker.solix	Anker SOLIX	Charge smart, live free.	https://homey.app/en-us/app/com.anker.solix/	https://apps.homeycdn.net/app/com.anker.solix/2/fbcc4be9-d442-4aa5-bd54-37187f1027a4/assets/images/large.png	Anker Solix	2026-09-24T06:15:33.666971+02:00
com.drchip666.mqttbridge	MQTT Bridge	Keep every MQTT broker on your network perfectly in sync.	https://homey.app/en-us/app/com.drchip666.mqttbridge/	https://apps.homeycdn.net/app/com.drchip666.mqttbridge/5/45c826ed-4dfd-4a04-bb1d-5c18d1975e2c/assets/images/large.png	Morten Bech	2026-09-23T14:20:00.379934+02:00
com.dklatt.ventaxia	Vent-Axia	Let your home breathe.	https://homey.app/en-us/app/com.dklatt.ventaxia/	https://apps.homeycdn.net/app/com.dklatt.ventaxia/3/dee8dee7-6b07-42e5-ba84-a415dd7b685e/assets/images/large.png	Dennis Klatt	2026-09-23T14:20:00.379934+02:00
com.rapinology.nubesamerica	Nubes America	Watch the weather cross the Americas, live from orbit.	https://homey.app/en-us/app/com.rapinology.nubesamerica/	https://apps.homeycdn.net/app/com.rapinology.nubesamerica/1/2adf0380-e896-46ea-aca4-c1b02f337c67/assets/images/large.jpg	Henri Dominique Rapin	2026-09-23T12:13:30.335966+02:00
com.marco.luxven	LuxVen	A fresh breeze that fits your day	https://homey.app/en-us/app/com.marco.luxven/	https://apps.homeycdn.net/app/com.marco.luxven/2/ac4b73a7-640f-4c9e-9067-73da34d6655d/assets/images/large.png	Marco Ahlers	2026-09-23T12:13:30.335966+02:00
com.basmilius.jev	Jev	Make decisions in your Flows with your own context.	https://homey.app/en-us/app/com.basmilius.jev/	https://apps.homeycdn.net/app/com.basmilius.jev/3/6b3e8a4f-2b8f-4bfa-b423-10221d2c454f/assets/images/large.png	Bas Milius	2026-09-22T12:14:31.656193+02:00
com.trmnl.companion	TRMNL	Your home without distractions	https://homey.app/en-us/app/com.trmnl.companion/	https://apps.homeycdn.net/app/com.trmnl.companion/15/6550e97e-6792-4bb4-a7a5-33630fd193ff/assets/images/large.png	TRMNL	2026-09-21T18:14:26.429228+02:00
nl.lrvdlinden.postnl	PostNL	See incoming mail and PostNL parcels in Homey, with widgets and Flow cards.	https://homey.app/en-us/app/nl.lrvdlinden.postnl/	https://apps.homeycdn.net/app/nl.lrvdlinden.postnl/20/6d0a4f86-57ea-4864-acd5-7cb508815e38/assets/images/large.png	Léon van der Linden	2026-09-21T16:14:41.308301+02:00
com.ady.zonetracks	ZoneTracks	Keep track of the family with the OwnTracks app	https://homey.app/en-us/app/com.ady.zonetracks/	https://apps.homeycdn.net/app/com.ady.zonetracks/2/97df9b2c-b81c-483d-8e1a-e440b8dbf097/assets/images/large.png	Adrian Rockall	2026-09-21T12:13:47.007893+02:00
com.rapinology.nubes	Nubes	See the sky above Europe as the satellites see it.	https://homey.app/en-us/app/com.rapinology.nubes/	https://apps.homeycdn.net/app/com.rapinology.nubes/1/5838f2be-d2bb-4ef6-ba54-685c8ce706a7/assets/images/large.jpg	Henri Dominique Rapin	2026-09-21T12:13:47.007893+02:00
net.weejewel.sshclient	SSH Client	Connect & execute commands on a remote SSH Server.	https://homey.app/en-us/app/net.weejewel.sshclient/	https://apps.homeycdn.net/app/net.weejewel.sshclient/1/5492206a-51f2-41fa-a390-c73a9524ba46/assets/images/large.png	Emile Nijssen	2026-09-20T16:11:02.652133+02:00
de.ozerov.fully	Fully Kiosk Browser	Control your Fully Kiosk Browser running on Android	https://homey.app/en-us/app/de.ozerov.fully/	https://apps.homeycdn.net/app/de.ozerov.fully/2/22fd7f43-d7e0-49c8-ade3-8ce4f0655526/assets/images/large.png	Emile Nijssen	2026-09-20T14:17:31.683306+02:00
nl.rvginkel.tickertapes	Ticker Tapes	A scrolling digital ticker for the Homey dashboard.	https://homey.app/en-us/app/nl.rvginkel.tickertapes/	https://apps.homeycdn.net/app/nl.rvginkel.tickertapes/1/a75da391-0b30-494f-9855-b8438cd8a4cd/assets/images/st-large.png	Rene van Ginkel	2026-09-19T12:11:31.377176+02:00
com.wemolocal	Wemo	Keep your legacy devices connected, with local control.	https://homey.app/en-us/app/com.wemolocal/	https://apps.homeycdn.net/app/com.wemolocal/4/77d2438e-4069-41c6-b497-1c46fec6dbd4/assets/images/large.png	Antoine Chaulieu	2026-09-18T14:18:59.669312+02:00
no.joymyr.sesam-pay	Sesam Pay	Never pay a parking service fee again.	https://homey.app/en-us/app/no.joymyr.sesam-pay/	https://apps.homeycdn.net/app/no.joymyr.sesam-pay/11/d731b0d1-6ec1-41e5-bcb1-7464502b916b/assets/images/large.png	Jon Harald Øymyr	2026-09-18T12:13:10.624936+02:00
at.dsnet.wnsm	Wiener Netze Smart Meter	Keep an eye on your energy use.	https://homey.app/en-us/app/at.dsnet.wnsm/	https://apps.homeycdn.net/app/at.dsnet.wnsm/2/07fbb09b-57c6-4e97-96d3-513271971245/assets/images/large.png	David Schoefberger	2026-09-18T12:13:10.624936+02:00
com.ziglar.fordvehicledata	Ford Vehicle Data	Your Ford's status, always within reach.	https://homey.app/en-us/app/com.ziglar.fordvehicledata/	https://apps.homeycdn.net/app/com.ziglar.fordvehicledata/5/ae1616f3-eef5-4cf5-9968-88481130b95a/assets/images/large.png	Bas de Jong	2026-09-17T14:19:58.805380+02:00
com.jackery.flowapp	Jackery	Sustainable Power for Your Life	https://homey.app/en-us/app/com.jackery.flowapp/	https://apps.homeycdn.net/app/com.jackery.flowapp/11/91cd30aa-455f-4236-9078-ffc8f0993c66/assets/images/large.png	Jackery Tech	2026-09-17T12:13:25.958647+02:00
nl.dennisweel.flowbackup	Backup Center	Keep your setup safe with simple, reliable backups.	https://homey.app/en-us/app/nl.dennisweel.flowbackup/	https://apps.homeycdn.net/app/nl.dennisweel.flowbackup/5/514c76e9-6647-48ba-bc8c-612b1c2d6654/assets/images/large.png	Dennis Weel	2026-09-17T10:19:29.439972+02:00
com.homeflux.ems	HomeFlux EMS	Your energy, managed differently	https://homey.app/en-us/app/com.homeflux.ems/	https://apps.homeycdn.net/app/com.homeflux.ems/59/58d89628-8ef8-4cc9-a389-508525d220fd/assets/images/large.png	Davy Bert	2026-09-17T10:19:29.439972+02:00
com.alphaess	AlphaESS	Take control of your home energy with smart battery monitoring and automation.	https://homey.app/en-us/app/com.alphaess/	https://apps.homeycdn.net/app/com.alphaess/1/c0450d8e-e5fd-4d76-b02b-299ffad2d9aa/assets/images/large.png	AlphaESS	2026-09-16T20:15:32.603418+02:00
se.krister.nuvo.grandconcerto	NuVo Grand Concerto	Fill every room with the music you love.	https://homey.app/en-us/app/se.krister.nuvo.grandconcerto/	https://apps.homeycdn.net/app/se.krister.nuvo.grandconcerto/3/ef2e26b0-f557-4e54-9217-7401b6d8c35b/assets/images/large.png	krister Olsson	2026-09-16T18:14:20.069686+02:00
de.ftedv.irremote	Universal Remote	Turn everyday remotes into flexible virtual controls	https://homey.app/en-us/app/de.ftedv.irremote/	https://apps.homeycdn.net/app/de.ftedv.irremote/4/a2d00ebe-f262-4fda-9c0f-c0d009a50f5d/assets/images/large.png	Florian Trück	2026-09-16T18:14:20.069686+02:00
com.winkison.ledlight	iDeal LED+	Affordable smart fairy lights	https://homey.app/en-us/app/com.winkison.ledlight/	https://apps.homeycdn.net/app/com.winkison.ledlight/3/ae313b3c-8e1a-4b59-83f8-b069783ec005/assets/images/large.png	Sven Serlier	2026-09-16T18:14:20.069686+02:00
